prompt,reference,generated,BLEU,CodeBLEU
Implement a simple Akka Actor that echoes back any received message to the sender.,"import akka.actor.{Actor, ActorSystem, Props}

// Define the EchoActor
class EchoActor extends Actor {
  def receive: Receive = {
    case msg => sender() ! msg
  }
}

// Usage Example
object EchoTest extends App {
  val system = ActorSystem(""EchoSystem"")
  val echo = system.actorOf(Props[EchoActor], ""echo"")

  echo ! ""Test Message""
}","system

Cutting Knowledge Date: December 2023
Today Date: 26 July 2024

user

Implement a simple Akka Actor that echoes back any received message to the sender.assistant

Here is an implementation of a simple Akka Actor that echoes back any received message to the sender.

```scala
// EchoActor.scala

import akka.actor.{Props, ActorSystem, PoisonPill}
import akka.util.Timeout

// Actor definition
case class EchoMessage(message: String)

class EchoActor extends Actor {
  override def receive: PartialFunction[Any, Any] = {
    case EchoMessage(message) => contextactorSystem.currentContext().parentActorRef forward EchoMessage(message)
    case _                      => context.parent! PoisonPill
  }

  // Send a poison pill to the parent actor to indicate stop
  override def preStart: Unit = sender()! PoisonPill
}

object EchoActor {
  // Actor creation
  val props = Props(new EchoActor).withActorInitialization({ context =>
    context.system.eventDispatcher
     . registerOnStart({ _ =>
        context.parent! ""Actor started successfully""
      })
  })

  def create(): ActorSystem = {
    val system = ActorSystem(""echo"", props)
    println(""Actor system created"")
    system
  }
}
```

To use the above code, we create a new ActorSystem using the `create` method.

```scala
// Example usage
import akka.actor",0.09303248070007104,0.0
"Implement an ""Hello World"" example using Akka Actors","import akka.actor.Actor
import akka.actor.ActorSystem
import akka.actor.Props

class HelloActor extends Actor {
  def receive = {
    case ""hello"" => println(""hello back at you"")
    case _       => println(""huh?"")
  }
}

object Main extends App {
  val system = ActorSystem(""HelloSystem"")
  // default Actor constructor
  val helloActor = system.actorOf(Props[HelloActor], name = ""helloactor"")
  helloActor ! ""hello""
  helloActor ! ""buenos dias""
}","system

Cutting Knowledge Date: December 2023
Today Date: 26 July 2024

user

Implement an ""Hello World"" example using Akka Actorsassistant

**Akka Actors ""Hello World"" Example**

In this example, we will create a simple ""Hello World"" application using Akka Actors. We will define a system that sends a message to an ActorRef, which will respond with a ""Hello World"" message.

**Maven Dependencies**

To use Akka Actors, we need to add the following dependencies to our `pom.xml` file:

```xml
<dependencies>
    <dependency>
        <groupId> akka</groupId>
        <artifactId>akka-actor</artifactId>
        <version>2.6.10</version>
    </dependency>
</dependencies>
```

**HelloWorldActor**

Here's the `HelloWorldActor` that receives messages:

```java
import akka.actor.ActorRef;
import akka.actor.ActorSystem;
import akka.actor.Props;

import java.util.concurrent.atomic.AtomicInteger;

public class HelloWorldActor implements akka.actor.Actor {
    private static final AtomicInteger count = new AtomicInteger();

    public static ActorRef<HelloWorldActor> createActor(ActorSystem system) {
        return system.actorOf(Props.create(HelloWorldActor.class), ""hello-world-actor"");
    }

    @Override
    public void receive(Object msg, ActorContext context) {
        if (",0.00966795187783685,0.0
"Create an Akka Actor in Scala named LoggingActor that utilizes Akka’s built-in logging facilities to log received messages at different log levels. Messages prefixed with ""info"", ""warn"", or ""error"" should be logged at the corresponding levels. All other messages should be logged at the debug level.","import akka.actor.{Actor, ActorSystem, Props, ActorLogging}

// Define the LoggingActor
class LoggingActor extends Actor with ActorLogging {
  def receive: Receive = {
    case msg: String if msg.startsWith(""info"") =>
      log.info(msg.stripPrefix(""info ""))
    case msg: String if msg.startsWith(""warn"") =>
      log.warning(msg.stripPrefix(""warn ""))
    case msg: String if msg.startsWith(""error"") =>
      log.error(msg.stripPrefix(""error ""))
    case msg =>
      log.debug(s""Received unknown message: $msg"")
  }
}

// Usage Example (for testing purposes)
object LoggingApp extends App {
  val system = ActorSystem(""LoggingSystem"")
  val logger = system.actorOf(Props[LoggingActor], ""logger"")

  logger ! ""info This is an info message.""
  logger ! ""warn This is a warning message.""
  logger ! ""error This is an error message.""
  logger ! ""Unknown message format.""

  // Allow some time for logging before shutdown
  Thread.sleep(1000)
  system.terminate()
}","system

Cutting Knowledge Date: December 2023
Today Date: 26 July 2024

user

Create an Akka Actor in Scala named LoggingActor that utilizes Akka’s built-in logging facilities to log received messages at different log levels. Messages prefixed with ""info"", ""warn"", or ""error"" should be logged at the corresponding levels. All other messages should be logged at the debug level.assistant

Below is a simple implementation of an Akka Actor in Scala that logs received messages at different log levels.

### LoggingActor.scala

```scala
import akka.actor._
import akka.util.LogContext

case class LogMessage(message: String)

class LoggingActor extends Actor {
  override def receive: Behavor = {
    case LogMessage(message) =>
      LogContext.current.info(message)
    case msg => {
      LogContext.current.debug(s""Received: ${msg}"")
      sender()! ""Received""
    }
  }
}
```

In the above code:

- We have defined a custom Actor class `LoggingActor` which extends `Actor` class.
- We have a receive method which defines the behavior of the actor.
- Inside receive, we have two cases: one to handle `LogMessage` and the other to handle any other message.
- For `LogMessage`, we use the `info` method of `LogContext.current` to log the message.
- For any other message, we use the `debug` method of `LogContext.current` to log the message at the debug level. We then respond to the sender with a message saying 'Received'. 

Note: The code might need to be adapted to suit the exact version of Akka that you are",0.06498104951065539,0.0
"Implement an Akka Actor in Scala named StashingActor that stashes incoming messages while waiting for an ""initialize"" message. Once initialized, it should unstash and process all previously stashed messages and handle new messages normally.","import akka.actor.{Actor, ActorSystem, Props, Stash}

// Define the StashingActor
class StashingActor extends Actor with Stash {
  def receive: Receive = waitingForInitialize

  def waitingForInitialize: Receive = {
    case ""initialize"" =>
      println(""StashingActor initialized. Processing stashed messages."")
      unstashAll()
      context.become(initialized)
    case msg =>
      println(s""StashingActor not initialized. Stashing message: $msg"")
      stash()
  }

  def initialized: Receive = {
    case msg =>
      println(s""StashingActor processing message: $msg"")
  }
}

// Usage Example (for testing purposes)
object StashApp extends App {
  val system = ActorSystem(""StashSystem"")
  val stashingActor = system.actorOf(Props[StashingActor], ""stashingActor"")

  stashingActor ! ""Message 1""
  stashingActor ! ""Message 2""
  stashingActor ! ""initialize""
  stashingActor ! ""Message 3""

  // Allow some time for processing before shutdown
  Thread.sleep(1000)
  system.terminate()
}","system

Cutting Knowledge Date: December 2023
Today Date: 26 July 2024

user

Implement an Akka Actor in Scala named StashingActor that stashes incoming messages while waiting for an ""initialize"" message. Once initialized, it should unstash and process all previously stashed messages and handle new messages normally.assistant

Here is an example of an Akka Actor in Scala that meets your requirements:

```scala
import akka.actor._

class StashingActor extends Actor with ActorLogging {
  override def receive: Receive = {
    case msg @ MessageUnstashed => log.info(""Receiving unstashed message"")
    case msg                     =>
      log.info(""Received new message"")
      context.unstashMessages().foreach(ctx._1)(ctx)
  }

  override def preStart(): Unit = {
    log.info(""StashingActor started"")
    // We need to stash the ""initialize"" message to have our messages received as stashed messages.
    context.stash(""initialize"").!(""initialize"")
  }
}
```

This Akka Actor receives messages and either unstashes and processes them as it receives new ones, or handles new messages as they come in.

Here is the full Akka Actor system that we can run to verify the functionality:

```scala
import akka.actor._

object StashingActorSystem extends App {
  val system = ActorSystem(""StashingActorSystem"")
  val stashingActor = system.actorOf(Props(StashingActor), ""StashingActor"")
  val message = ""Hello World!""
  stashingActor.stash(""initialize"").!(""initialize",0.16335117430194537,0.0
"Design an Akka Actor in Scala named CircuitBreakerActor that interacts with an unreliable external service. Use Akka’s CircuitBreaker to handle failures gracefully. The actor should attempt to call the external service when it receives a ""callService"" message and respond with either the service's response or an error message if the circuit is open.","import akka.actor.{Actor, ActorSystem, Props}
import akka.pattern.CircuitBreaker
import scala.concurrent.Future
import scala.concurrent.duration._
import scala.util.{Success, Failure}
import scala.concurrent.ExecutionContext.Implicits.global

// Simulated unreliable external service
object ExternalService {
  def unreliableOperation(): Future[String] = Future {
    if (scala.util.Random.nextDouble() < 0.5)
      throw new RuntimeException(""Service failure!"")
    else
      ""Service response successful.""
  }
}

// Define the CircuitBreakerActor
class CircuitBreakerActor extends Actor {
  // Initialize Circuit Breaker
  val breaker = new CircuitBreaker(
    scheduler = context.system.scheduler,
    maxFailures = 3,
    callTimeout = 2.seconds,
    resetTimeout = 5.seconds
  ).onOpen(
    println(""Circuit Breaker is OPEN!"")
  ).onHalfOpen(
    println(""Circuit Breaker is HALF-OPEN."")
  ).onClose(
    println(""Circuit Breaker is CLOSED."")
  )

  def receive: Receive = {
    case ""callService"" =>
      val originalSender = sender()
      breaker.withCircuitBreaker(ExternalService.unreliableOperation()).onComplete {
        case Success(response) =>
          originalSender ! response
        case Failure(ex) =>
          originalSender ! s""Operation failed: ${ex.getMessage}""
      }
  }
}

// Usage Example (for testing purposes)
object CircuitBreakerApp extends App {
  import akka.pattern.ask
  import akka.util.Timeout
  import scala.concurrent.Await

  val system = ActorSystem(""CircuitBreakerSystem"")
  val breakerActor = system.actorOf(Props[CircuitBreakerActor], ""breakerActor"")

  implicit val timeout: Timeout = Timeout(3.seconds)

  for (i <- 1 to 5) {
    val future = breakerActor ? ""callService""
    val result = Await.result(future, timeout.duration).asInstanceOf[String]
    println(s""Received: $result"")
    Thread.sleep(1000)
  }

  system.terminate()
}","system

Cutting Knowledge Date: December 2023
Today Date: 26 July 2024

user

Design an Akka Actor in Scala named CircuitBreakerActor that interacts with an unreliable external service. Use Akka’s CircuitBreaker to handle failures gracefully. The actor should attempt to call the external service when it receives a ""callService"" message and respond with either the service's response or an error message if the circuit is open.assistant

### Circuit Breaker Actor Design

Here's a simple implementation of an Akka Actor in Scala using Akka's Circuit Breaker to handle failures gracefully.

#### CircuitBreakerActor.scala

```scala
import akka.actor.ActorSystem
import akka.actor.CircuitBreaker
import akka.actor.CircuitBreakerMessage
import akka.actor.Props
import akka.util.Timeout
import scala.concurrent.Duration
import scala.util.Random

object CircuitBreakerActor {
  def props: Props = Props(())

  class CircuitBreakerActor extends Actor with CircuitBreaker {
    override def preStart(): Unit = {
      // Set the threshold for circuit breaking, e.g., 3 consecutive errors
      setThreshold(3)
    }

    override def receive: Receive = {
      case msg @ CallService() =>
        // If the circuit is not open, attempt to call the external service
        whenCircuitIsClosed { attemptCallService() }
      // If the circuit is open or the timeout is expired, return an error message
      case msg if (context.parent.isDead) => // The external service has stopped responding
        println(""Circuitbreaker: External service is down"")
        replyError(""External service is down"")
      case CircuitBreakerError(c",0.07642792139342744,0.0
"Implement an Akka Actor using the FSM trait named TrafficLightActor. The actor should have three states: Red, Green, and Yellow. It should transition between these states in the order: Red → Green → Yellow → Red, with each state lasting for a specified duration (e.g., Red for 3 seconds, Green for 2 seconds, Yellow for 1 second). In each state, the actor should print the current state.","import akka.actor.{ActorSystem, Props}
import akka.actor.FSM
import scala.concurrent.duration._

// Define states
sealed trait LightState
case object Red extends LightState
case object Green extends LightState
case object Yellow extends LightState

// Define data
sealed trait LightData
case object Uninitialized extends LightData

// Define the TrafficLightActor
class TrafficLightActor extends FSM[LightState, LightData] {
  import context.dispatcher

  // Define state durations
  val redDuration: FiniteDuration = 3.seconds
  val greenDuration: FiniteDuration = 2.seconds
  val yellowDuration: FiniteDuration = 1.second

  startWith(Red, Uninitialized, stateTimeout = redDuration)

  when(Red, stateTimeout = redDuration) {
    case Event(StateTimeout, _) =>
      println(""State: Red"")
      goto(Green) using Uninitialized forMax greenDuration
  }

  when(Green, stateTimeout = greenDuration) {
    case Event(StateTimeout, _) =>
      println(""State: Green"")
      goto(Yellow) using Uninitialized forMax yellowDuration
  }

  when(Yellow, stateTimeout = yellowDuration) {
    case Event(StateTimeout, _) =>
      println(""State: Yellow"")
      goto(Red) using Uninitialized forMax redDuration
  }

  initialize()
}

// Usage Example (for testing purposes)
object TrafficLightApp extends App {
  val system = ActorSystem(""TrafficLightSystem"")
  val trafficLight = system.actorOf(Props[TrafficLightActor], ""trafficLightActor"")

  // Let the traffic light run for a few cycles before shutting down
  Thread.sleep(12000)
  system.terminate()
}","system

Cutting Knowledge Date: December 2023
Today Date: 26 July 2024

user

Implement an Akka Actor using the FSM trait named TrafficLightActor. The actor should have three states: Red, Green, and Yellow. It should transition between these states in the order: Red → Green → Yellow → Red, with each state lasting for a specified duration (e.g., Red for 3 seconds, Green for 2 seconds, Yellow for 1 second). In each state, the actor should print the current state.assistant

Here's an example of an Akka actor that implements an FSM (Finite State Machine) using the FSM trait in Scala:

```scala
import akka.actor.{Actor, ActorSystem, Props}
import akka.util.Timeout
import akka.util.TimeoutImpl

import scala.concurrent.duration._
import scala.concurrent.{Await, ExecutionContext, Future}

// Define the FSM traits for each state
case class Red() extends State
case class Green() extends State
case class Yellow() extends State

trait State extends FSM with ActorSystem {
  // The name of the state machine
  def stateName = ""TrafficLight""

  // The initial state
  def initial = StateId(Red())

  // Define the transitions
  def transitionToGreen(): Command = Command(Red ->> Green())
  def transitionToYellow(): Command = Command(Green ->> Yellow())
  def transitionToRed(): Command = Command(Yellow ->> Red())

  // The duration of each state
  def redDuration = 3.seconds
  def greenDuration = 2.seconds
  def yellowDuration = 1.seconds
}

// Implement the actor
class TrafficLightActor extends Actor with FSM[State, Command] {
  // The context
  val system = ActorSystem(""TrafficLight",0.07824161363616858,0.0
"Create an Akka Actor named PriorityActor that processes messages with a custom priority mailbox. Messages of type HighPriority(msg: String) should be processed before messages of type LowPriority(msg: String), regardless of the order they are received. Implement the custom mailbox and demonstrate its usage.","import akka.actor.{Actor, ActorSystem, Props}
import akka.dispatch.{PriorityGenerator, UnboundedPriorityMailbox}
import com.typesafe.config.Config

// Messages
case class HighPriority(msg: String)
case class LowPriority(msg: String)

// Define the PriorityActor
class PriorityActor extends Actor {
  def receive: Receive = {
    case HighPriority(msg) =>
      println(s""High priority message: $msg"")
    case LowPriority(msg) =>
      println(s""Low priority message: $msg"")
  }
}

// Custom Priority Mailbox
class CustomPriorityMailbox(settings: ActorSystem.Settings, config: Config)
    extends UnboundedPriorityMailbox(
      PriorityGenerator {
        case HighPriority(_) => 0
        case LowPriority(_)  => 1
        case _               => 2
      }
    )

// Usage Example (for testing purposes)
object PriorityMailboxApp extends App {
  import com.typesafe.config.ConfigFactory

  val config = ConfigFactory.parseString(""""""
    akka {
      actor {
        mailboxes {
          custom-priority-mailbox {
            mailbox-type = ""CustomPriorityMailbox""
          }
        }
      }
    }
  """""")

  val system = ActorSystem(""PrioritySystem"", config)
  val priorityActor = system.actorOf(
    Props[PriorityActor].withMailbox(""custom-priority-mailbox""),
    ""priorityActor""
  )

  // Send messages in mixed order
  priorityActor ! LowPriority(""Low priority message 1"")
  priorityActor ! HighPriority(""High priority message 1"")
  priorityActor ! LowPriority(""Low priority message 2"")
  priorityActor ! HighPriority(""High priority message 2"")
  priorityActor ! ""Unknown message""

  // Allow some time for processing before shutdown
  Thread.sleep(1000)
  system.terminate()
}","system

Cutting Knowledge Date: December 2023
Today Date: 26 July 2024

user

Create an Akka Actor named PriorityActor that processes messages with a custom priority mailbox. Messages of type HighPriority(msg: String) should be processed before messages of type LowPriority(msg: String), regardless of the order they are received. Implement the custom mailbox and demonstrate its usage.assistant

### Akka Actor Implementation with Custom Priority Mailbox

Below is the implementation of the `PriorityActor` in Akka:

```scala
import akka.actor.{Actor, Props}
import akka.actor.ActorRef
import akka.actor.ActorSystem
import akka.util.Timeout

import scala.collection.mutable.PriorityQueue

// Define messages
case class HighPriority(msg: String) extends ActorMessage
case class LowPriority(msg: String) extends ActorMessage

// Custom priority mailbox
case class PriorityMailbox() {
  // Message queue
  private val priorityQueue: PriorityQueue[(ActorRef, ActorMessage)] = PriorityQueue(
    Comparer {(a: ActorRef, b: ActorRef), (m1: ActorMessage, m2: ActorMessage) =>
      val (ref1, msg1) = a.unapply { a: (ActorRef, ActorMessage) }.get
      val (ref2, msg2) = b.unapply { a: (ActorRef, ActorMessage) }.get

      val ref1IsFirst = ref1!= null
      val ref2IsFirst = ref2!= null
      val msg1IsHighPriority = msg1 match { case HighPriority(_) => true; case LowPriority(_) => false; case _ => false",0.17358236491787837,0.0
"Implement two Akka Actors in Scala named PingActor and PongActor. The PingActor should initiate communication by sending a ""Ping"" message to the PongActor. Upon receiving a ""Ping"", the PongActor should reply with a ""Pong"" message. The PingActor should respond to each ""Pong"" by sending another ""Ping"", creating a continuous ping-pong exchange.","import akka.actor.{Actor, ActorRef, ActorSystem, Props}

// Define the PingActor
class PingActor(pongActor: ActorRef) extends Actor {
  // Start the ping-pong by sending ""Ping"" to PongActor
  override def preStart(): Unit = {
    pongActor ! ""Ping""
  }

  def receive: Receive = {
    case ""Pong"" =>
      println(""PingActor received: Pong"")
      pongActor ! ""Ping""
    case _ =>
      println(""PingActor received unknown message."")
  }
}

// Define the PongActor
class PongActor extends Actor {
  def receive: Receive = {
    case ""Ping"" =>
      println(""PongActor received: Ping"")
      sender() ! ""Pong""
    case _ =>
      println(""PongActor received unknown message."")
  }
}

// Usage Example (for testing purposes)
object PingPongApp extends App {
  val system = ActorSystem(""PingPongSystem"")
  val pong = system.actorOf(Props[PongActor], ""pongActor"")
  val ping = system.actorOf(Props(new PingActor(pong)), ""pingActor"")

  // Let the ping-pong run for a few exchanges before shutting down
  Thread.sleep(1000)
  system.terminate()
}","system

Cutting Knowledge Date: December 2023
Today Date: 26 July 2024

user

Implement two Akka Actors in Scala named PingActor and PongActor. The PingActor should initiate communication by sending a ""Ping"" message to the PongActor. Upon receiving a ""Ping"", the PongActor should reply with a ""Pong"" message. The PingActor should respond to each ""Pong"" by sending another ""Ping"", creating a continuous ping-pong exchange.assistant

Below is a simple implementation of two Akka actors, `PingActor` and `PongActor`, in Scala:

```scala
import akka.actor.{Props, ActorSystem}
import akka.persistence.BuiltInPersistence
import akka.persistence.QueryOptions
import akka.persistence.{EventSource, EventTag}
import akka.util.Timeout

import scala.concurrent.duration._

object PingPongExample {
  def main(args: Array[String]) {
    implicit val system = ActorSystem(""PingPongSystem"")
    implicit val materializer = system materially()

    val pingActor = system.actorOf(Props(new PingActor), name = ""PingActor"")
    val pongActor = system.actorOf(Props(new PongActor), name = ""PongActor"")

    pingActor! ""Ping""
  }
}

class PingActor extends Actor with BuiltInPersistence {
  override def receive: Receive = {
    case ""Ping"" =>
      val event = system.eventSource[EventTag](name = ""event1"")
      event.startWithNext(10.seconds)
      val pongReply = system.actorSelection(""system: PongActor!"").? ""Ping""
      pongReply
    case event: EventTag =>
      val events: Seq[EventTag] = event.value
      for (",0.1905465919770915,0.0
Create an Akka Actor in Scala named DeadLetterMonitor that listens to the system's dead letters and logs any unhandled messages. Demonstrate sending a message to a non-existent actor and having the DeadLetterMonitor capture it.,"import akka.actor.{Actor, ActorSystem, Props, DeadLetter}
import akka.event.Logging

// Define the DeadLetterMonitor Actor
class DeadLetterMonitor extends Actor {
  val log = Logging(context.system, this)

  def receive: Receive = {
    case DeadLetter(message, sender, recipient) =>
      log.warning(s""DeadLetter captured: message=$message, sender=${sender.path}, recipient=${recipient.path}"")
  }
}

// Usage Example (for testing purposes)
object DeadLetterMonitorApp extends App {
  val system = ActorSystem(""DeadLetterMonitorSystem"")
  val monitor = system.actorOf(Props[DeadLetterMonitor], ""deadLetterMonitor"")

  // Subscribe the monitor to dead letters
  system.eventStream.subscribe(monitor, classOf[DeadLetter])

  // Send a message to a non-existent actor
  system.actorSelection(""/user/nonExistentActor"") ! ""Hello?""

  // Allow some time for the DeadLetter to be captured
  Thread.sleep(1000)
  system.terminate()
}","system

Cutting Knowledge Date: December 2023
Today Date: 26 July 2024

user

Create an Akka Actor in Scala named DeadLetterMonitor that listens to the system's dead letters and logs any unhandled messages. Demonstrate sending a message to a non-existent actor and having the DeadLetterMonitor capture it.assistant

Here's a simple implementation of an Akka Actor named `DeadLetterMonitor` that listens to the system's dead letters and logs any unhandled messages. This example assumes you have an Akka system already running and the Akka library included in your project.

**DeadLetterMonitor.scala**
```scala
import akka.actor.{ActorSystem, Props}
import akka.persistence DeadLetter
import akka.persistence.judger.Judger

class DeadLetterMonitor extends Actor {
  // Override the receive message method to handle DeadLetter messages
  override def receive:Behavior = {
    case d: DeadLetter => log(""Unhandled message: "" + d.message.toString)
  }
}

// Register the DeadLetterMonitor actor system with Props
object DeadLetterMonitor {
  def props(): Props = Props(() = Props(classOf[DeadLetterMonitor]))

  def main(args: Array[String]): Unit = {
    // Create the system
    implicit val system: ActorSystem = ActorSystem(""DeadLetterMonitor"")

    // Create a DeadLetterMonitor actor
    val deadLetterMonitor = system.actorOf(D deadLetterMonitor.props)

    // Simulate an unhandled message
    import system.dispatcher
    implicit val context: akka.actor.ActorContext = system.context
    implicit val executor:",0.11215617372339855,0.0
Design an Akka Actor in Scala named ParentActor that creates and manages multiple child actors named ChildActor. The ParentActor should forward any received message to all its child actors. Demonstrate the creation of three child actors and sending messages through the ParentActor.,"import akka.actor.{Actor, ActorRef, ActorSystem, Props}

// Define the ChildActor
class ChildActor(name: String) extends Actor {
  def receive: Receive = {
    case msg =>
      println(s""$name received message: $msg"")
  }
}

// Define the ParentActor
class ParentActor extends Actor {
  // Create three child actors
  val child1: ActorRef = context.actorOf(Props(new ChildActor(""child1"")), ""child1"")
  val child2: ActorRef = context.actorOf(Props(new ChildActor(""child2"")), ""child2"")
  val child3: ActorRef = context.actorOf(Props(new ChildActor(""child3"")), ""child3"")

  def receive: Receive = {
    case msg =>
      // Forward the message to all child actors
      child1 ! msg
      child2 ! msg
      child3 ! msg
  }
}

// Usage Example (for testing purposes)
object ParentChildApp extends App {
  val system = ActorSystem(""ParentChildSystem"")
  val parent = system.actorOf(Props[ParentActor], ""parentActor"")

  // Send messages to the parent actor
  parent ! ""Hello Children!""
  parent ! ""Another message.""

  // Allow some time for message processing before shutdown
  Thread.sleep(1000)
  system.terminate()
}","system

Cutting Knowledge Date: December 2023
Today Date: 26 July 2024

user

Design an Akka Actor in Scala named ParentActor that creates and manages multiple child actors named ChildActor. The ParentActor should forward any received message to all its child actors. Demonstrate the creation of three child actors and sending messages through the ParentActor.assistant

### ParentActor Scala Akka Implementation

Here's a Scala implementation of the ParentActor class using Akka actors.

```scala
import akka.actor.{Actor, Props}
import akka.patternAsk
import akka.util.Timeout
import scala.concurrent.{ExecutionContext, Future}
import scala.concurrent.duration.Duration

object ParentActor {
  def main(args: Array[String]) = {
    // Create ParentActor
    val parentActor = ActorSystem(""ParentActor"").actorOf(Props[ParentActor], ""ParentActor"")

    // Create three ChildActor instances
    for (i <- 1 to 3) {
      val childActor = ActorSystem(s""ChildActor-$i"").actorOf(Props[ChildActor], s""ChildActor-$i"")
      parentActor.tell(childActor, childActor) // Send child actor to parent actor
    }

    // Send messages to the child actors through the parent actor
    parentActor! ""Hello""
  }
}

class ChildActor extends Actor {
  override def receive: Receive = {
    case ""Hello"" => {
      println(s""Received 'Hello' from ParentActor and ChildActor-$ctx.actorIdentity()!"")
      sender().tell(""I received 'Hello'!"")
      stop()
    }
  }
}

class ParentActor",0.17164549602244913,0.0
"Implement an Akka Actor in Scala named SwitchActor that starts in a ""happy"" state. When it receives a ""sad"" message, it switches to a ""sad"" state, and vice versa. In the ""happy"" state, it should respond to any message with ""I'm happy!"", and in the ""sad"" state, it should respond with ""I'm sad."" Demonstrate toggling between states.","import akka.actor.{Actor, ActorSystem, Props}

// Define the SwitchActor
class SwitchActor extends Actor {
  // Define the happy behavior
  def happy: Receive = {
    case ""toggle"" =>
      println(""SwitchActor: Switching to sad state."")
      context.become(sad)
    case _ =>
      sender() ! ""I'm happy!""
  }

  // Define the sad behavior
  def sad: Receive = {
    case ""toggle"" =>
      println(""SwitchActor: Switching to happy state."")
      context.become(happy)
    case _ =>
      sender() ! ""I'm sad.""
  }

  // Initialize with happy behavior
  def receive: Receive = happy
}

// Usage Example (for testing purposes)
object SwitchActorApp extends App {
  import akka.pattern.ask
  import akka.util.Timeout
  import scala.concurrent.duration._
  import scala.concurrent.Await

  val system = ActorSystem(""SwitchActorSystem"")
  val switchActor = system.actorOf(Props[SwitchActor], ""switchActor"")

  implicit val timeout: Timeout = Timeout(2.seconds)

  // Function to send a message and print the response
  def sendMessage(msg: String): Unit = {
    val future = switchActor ? msg
    val result = Await.result(future, timeout.duration).asInstanceOf[String]
    println(s""Sent '$msg', Received: '$result'"")
  }

  // Initial state: happy
  sendMessage(""Hello"") // Should respond with ""I'm happy!""

  // Toggle to sad
  sendMessage(""toggle"")

  // Now in sad state
  sendMessage(""Hello"") // Should respond with ""I'm sad.""

  // Toggle back to happy
  sendMessage(""toggle"")

  // Back to happy state
  sendMessage(""Hello"") // Should respond with ""I'm happy!""

  system.terminate()
}","system

Cutting Knowledge Date: December 2023
Today Date: 26 July 2024

user

Implement an Akka Actor in Scala named SwitchActor that starts in a ""happy"" state. When it receives a ""sad"" message, it switches to a ""sad"" state, and vice versa. In the ""happy"" state, it should respond to any message with ""I'm happy!"", and in the ""sad"" state, it should respond with ""I'm sad."" Demonstrate toggling between states.assistant

Here's an example implementation of the SwitchActor in Scala using the Akka framework.

```scala
import akka.actor.{ActorSystem, Props}

// The message types
case class SadMessage

class SwitchActor extends Actor {
  // The current state of the actor
  var state = State.Happy

  // Possible states
  enum state extends akka.actor.ActorPathException {
    case Happy
    case Sad
  }

  // Behavior based on the state
  override def receive: PartialFunction[Any, Any] = {
    case Message(m: Message) if state == state.Happy =>
      state = state.Happy
      sender()! ""I'm happy!""

    case Message(m: Message) if state == state.Sad =>
      state = state.Sad
      sender()! ""I'm sad.""

    case _ =>
      context.unreceive()
  }
}

case class Message(m: String)
case object ActorName = ""SwitchActor""
case class State(happy: Boolean) extends akka.actor.ActorPathException

object SwitchActor {
  def main(args: Array[String]) {
    implicit val system = ActorSystem(System.propsName, classOf[SwitchActor])
    val actor = system.actorOf(Props[SwitchActor])
   ",0.20948217240850286,0.0
"Create an Akka Actor in Scala named LifecycleActor that logs messages upon starting (preStart) and stopping (postStop). The actor should also handle a ""shutdown"" message to gracefully stop itself. Demonstrate the lifecycle hooks by sending appropriate messages.","import akka.actor.{Actor, ActorSystem, Props}

// Define the LifecycleActor
class LifecycleActor extends Actor {
  override def preStart(): Unit = {
    println(s""${self.path.name} is starting."")
  }

  override def postStop(): Unit = {
    println(s""${self.path.name} has stopped."")
  }

  def receive: Receive = {
    case ""shutdown"" =>
      println(s""${self.path.name} received shutdown message."")
      context.stop(self)
    case msg =>
      println(s""${self.path.name} received message: $msg"")
  }
}

// Usage Example (for testing purposes)
object LifecycleApp extends App {
  val system = ActorSystem(""LifecycleSystem"")
  val lifecycleActor = system.actorOf(Props[LifecycleActor], ""lifecycleActor"")

  lifecycleActor ! ""Hello""
  lifecycleActor ! ""shutdown""

  // Allow some time for shutdown processing before terminating the system
  Thread.sleep(1000)
  system.terminate()
}","system

Cutting Knowledge Date: December 2023
Today Date: 26 July 2024

user

Create an Akka Actor in Scala named LifecycleActor that logs messages upon starting (preStart) and stopping (postStop). The actor should also handle a ""shutdown"" message to gracefully stop itself. Demonstrate the lifecycle hooks by sending appropriate messages.assistant

Here's an example of how you can create an `LifecycleActor` in Akka Scala with the requested features:

```scala
// LifecycleActor.scala
import actor._

// Actor behavior
case class LifecycleMessage(type: String) extends ActorMessage with Unchecked Senders

class LifecycleActor extends Actor with LifecycleActorBehavior

// Actor behavior definition
trait LifecycleActorBehavior extends ActorBehavior

object LifecycleActor {

  class LifecycleActorBehavior extends ActorBehavior {
    override def aroundPreStart(): ActorResult = {
      println(""Starting lifecycle actor"")
      super.aroundPreStart()
      ActorSystem.actorBehavior.send(LifecycleMessage(""start""))
    }

    override def onActorsTerminated(actors: Set[ActorRef]): ActorResult = {
      println(""Shutting down lifecycle actor"")
      super.onActorsTerminated(actors)
      ActorSystem.actorBehavior.send(LifecycleMessage(""stop""))
    }
  }

}
```

In this code, we define the `LifecycleActorBehavior` which extends `ActorBehavior`. We override the `aroundPreStart()` method to log a message when the actor starts, and we override the `onActorsTerminated()` method to log a message when the actor is stopped and to send a ""shutdown"" message. The """,0.07499899256219084,0.0
"Implement an Akka Actor in Scala named FilterActor that processes only integer messages greater than 10. For such messages, it should respond with ""Accepted: <number>"". For all other messages, it should respond with ""Rejected: <number>"". Demonstrate the actor by sending a mix of messages.","import akka.actor.{Actor, ActorSystem, Props}

// Define the FilterActor
class FilterActor extends Actor {
  def receive: Receive = {
    case num: Int if num > 10 =>
      sender() ! s""Accepted: $num""
    case num: Int =>
      sender() ! s""Rejected: $num""
    case msg =>
      sender() ! s""Unknown message type: $msg""
  }
}

// Usage Example (for testing purposes)
object FilterActorApp extends App {
  import akka.pattern.ask
  import akka.util.Timeout
  import scala.concurrent.duration._
  import scala.concurrent.Await

  val system = ActorSystem(""FilterActorSystem"")
  val filterActor = system.actorOf(Props[FilterActor], ""filterActor"")

  implicit val timeout: Timeout = Timeout(2.seconds)

  // Function to send an integer message and print the response
  def sendNumber(num: Int): Unit = {
    val future = filterActor ? num
    val result = Await.result(future, timeout.duration).asInstanceOf[String]
    println(s""Sent $num, Received: '$result'"")
  }

  // Send a mix of numbers
  sendNumber(5)    // Rejected
  sendNumber(15)   // Accepted
  sendNumber(10)   // Rejected
  sendNumber(25)   // Accepted

  // Send a non-integer message
  val future = filterActor ? ""Hello""
  val result = Await.result(future, timeout.duration).asInstanceOf[String]
  println(s""Sent 'Hello', Received: '$result'"")

  system.terminate()
}","system

Cutting Knowledge Date: December 2023
Today Date: 26 July 2024

user

Implement an Akka Actor in Scala named FilterActor that processes only integer messages greater than 10. For such messages, it should respond with ""Accepted: <number>"". For all other messages, it should respond with ""Rejected: <number>"". Demonstrate the actor by sending a mix of messages.assistant

Here's an implementation of the FilterActor in Scala using Akka Actors.

```scala
import akka.actor.ActorSystem
import akka.actor.Props

object FilterActor {

  def main(args: Array[String]) {
    implicit val system: ActorSystem = ActorSystem(""filter-actor"")
    val filterActor: ActorRef[Int] = system.actorOf(Props(new FilterActor))

    // Send mixed messages to filter actor
    Seq(
      ""Message 1"" -> ""10"",
      ""Message 2"" -> 11,
      ""Message 3"" -> ""20"",
      ""Message 4"" -> 9,
      ""Message 5"" -> 15
    ).foreach { message =>

      val number = if (message._1 == ""10"" || message._1 == ""20"") message._1.toInt
      else if (message._2 instanceof Integer) message._2.toInt
      else 0

      val response = if (number > 10) s""Accepted: $number""
      else if (number > 0) s""Rejected: $number""
      else """"

      filterActor! message._1
      println(response)
    }
  }
}

class FilterActor extends Actor {

  override def receive",0.1102295154658086,0.0
"Create an Akka Actor in Scala named SelfMessageActor that schedules itself to receive a ""tick"" message every second. Upon receiving a ""tick"", it should print ""Tick received"" and continue scheduling the next tick. Demonstrate the actor's ticking behavior.","import akka.actor.{Actor, ActorSystem, Props}
import scala.concurrent.duration._
import akka.actor.Cancellable
import scala.concurrent.ExecutionContext

// Define the SelfMessageActor
class SelfMessageActor extends Actor {
  import context.dispatcher

  // Schedule to send ""tick"" to self every second
  var cancellable: Cancellable = _
  
  override def preStart(): Unit = {
    cancellable = context.system.scheduler.scheduleWithFixedDelay(
      0.seconds,
      1.second,
      self,
      ""tick""
    )
  }

  override def postStop(): Unit = {
    cancellable.cancel()
  }

  def receive: Receive = {
    case ""tick"" =>
      println(""Tick received"")
  }
}

// Usage Example (for testing purposes)
object SelfMessageApp extends App {
  val system = ActorSystem(""SelfMessageSystem"")
  val selfMessageActor = system.actorOf(Props[SelfMessageActor], ""selfMessageActor"")

  // Let the actor tick for 5 seconds before shutting down
  Thread.sleep(5000)
  system.terminate()
}","system

Cutting Knowledge Date: December 2023
Today Date: 26 July 2024

user

Create an Akka Actor in Scala named SelfMessageActor that schedules itself to receive a ""tick"" message every second. Upon receiving a ""tick"", it should print ""Tick received"" and continue scheduling the next tick. Demonstrate the actor's ticking behavior.assistant

## SelfMessageActor Implementation

Below is the implementation of the `SelfMessageActor` in Scala using Akka:

```scala
import akka.actor.ActorSystem
import akka.actor.Props
import akka.util.Timeout
import akka.util.time.Duration

object SelfMessageActor extends App {

  // Initialize the Actor System
  implicit val actorSystem: ActorSystem = ActorSystem(""self-message-actor"")

  // Create the SelfMessageActor
  val selfMessageActor = actorSystem.actorOf(Props(new SelfMessageActor), name = ""self-message-actor"")

  // Define a timeout for each message
  implicit val timeout: Timeout = Timeout(1 minute)

  // Schedule the actor to send itself a ""tick"" message every second
  selfMessageActor! ""tick""
}
```

## SelfMessageActor Scala Code

```scala
import akka.actor._

class SelfMessageActor extends Actor with ActorMaterializer {

  override def preStart(): Unit = {
    // Schedule a task to receive a ""tick"" message
    context.system.scheduler().scheduleRepeatOnce(
      Duration(1, ""seconds""),
      1, // initial delay
      2, // repeat every 2 seconds
      1 * 60 // repeat indefinitely (e.g",0.11751036000704161,0.0
"Implement an Akka Actor in Scala named LimitedProcessorActor that maintains an internal queue of messages. The actor should process only one message at a time and ignore incoming messages while busy processing. Once processing is complete, it should process the next message in the queue. Demonstrate the actor handling multiple incoming messages.","import akka.actor.{Actor, ActorSystem, Props}
import scala.collection.mutable.Queue
import scala.concurrent.duration._
import akka.actor.Cancellable
import scala.concurrent.ExecutionContext

// Define the LimitedProcessorActor
class LimitedProcessorActor extends Actor {
  import context.dispatcher

  // Internal message queue
  val messageQueue: Queue[String] = Queue.empty

  // Processing state
  var isProcessing: Boolean = false
  var currentCancellable: Option[Cancellable] = None

  def receive: Receive = {
    case msg: String =>
      messageQueue.enqueue(msg)
      processNext()

    case ""processingComplete"" =>
      isProcessing = false
      println(s""${self.path.name} completed processing."")
      processNext()
  }

  def processNext(): Unit = {
    if (!isProcessing && messageQueue.nonEmpty) {
      val msg = messageQueue.dequeue()
      isProcessing = true
      println(s""${self.path.name} started processing: $msg"")
      // Simulate processing delay
      val cancellable = context.system.scheduler.scheduleOnce(500.milliseconds, self, ""processingComplete"")
      currentCancellable = Some(cancellable)
    }
  }

  override def postStop(): Unit = {
    currentCancellable.foreach(_.cancel())
  }
}

// Usage Example (for testing purposes)
object LimitedProcessorApp extends App {
  val system = ActorSystem(""LimitedProcessorSystem"")
  val processor = system.actorOf(Props[LimitedProcessorActor], ""processorActor"")

  // Send multiple messages rapidly
  processor ! ""Task 1""
  processor ! ""Task 2""
  processor ! ""Task 3""
  processor ! ""Task 4""
  processor ! ""Task 5""

  // Allow some time for processing before shutdown
  Thread.sleep(4000)
  system.terminate()
}","system

Cutting Knowledge Date: December 2023
Today Date: 26 July 2024

user

Implement an Akka Actor in Scala named LimitedProcessorActor that maintains an internal queue of messages. The actor should process only one message at a time and ignore incoming messages while busy processing. Once processing is complete, it should process the next message in the queue. Demonstrate the actor handling multiple incoming messages.assistant

### LimitedProcessorActor

This Akka Actor maintains an internal queue of messages. It processes only one message at a time, ignoring incoming messages while busy processing. Once processing is complete, it processes the next message in the queue.

### LimitedProcessorActor Code

```scala
import akka.actor.{Actor, Props}

class LimitedProcessorActor extends Actor {
  import java.util

  // Queue to store incoming messages
  var queue: util.LinkedList[Message] = new util.LinkedList[Message]()

  // Send a message into the queue
  def sendMsg(msg: Message): Unit = {
    queue.addFirst(msg)
  }

  override def receive: PartialFunction[Message, Unit] = {
    case _ if queue.isEmpty => // ignore and stop actor
      context.stop(self)
    case msg: ProcessMessage =>
      // Process the message
      msg.value match {
        case Some(value) =>
          // process the value
          println(""Processing value:"", value)

          // remove the message from the queue
          queue.removeFirst()

          // recursively send next message in queue (if any) after a short delay
          if (!queue.isEmpty) {
            import java.util.concurrent._
    TimeUnit.MILLISECONDS.sleep(10)
            sendMsg(queue.removeFirst())
",0.10699025625209473,0.0
"Create an Akka Actor in Scala named ResponderActor that listens for Greet(name: String) messages. Upon receiving such a message, it should reply to the sender with ""Hello, <name>!"". Demonstrate sending a Greet message and receiving the response.","import akka.actor.{Actor, ActorSystem, Props}
import akka.pattern.ask
import akka.util.Timeout
import scala.concurrent.duration._
import scala.concurrent.Await

// Define the Greet message
case class Greet(name: String)

// Define the ResponderActor
class ResponderActor extends Actor {
  def receive: Receive = {
    case Greet(name) =>
      sender() ! s""Hello, $name!""
  }
}

// Usage Example (for testing purposes)
object ResponderApp extends App {
  val system = ActorSystem(""ResponderSystem"")
  val responder = system.actorOf(Props[ResponderActor], ""responderActor"")

  implicit val timeout: Timeout = Timeout(2.seconds)

  // Send a Greet message using the ask pattern
  val future = responder ? Greet(""Bob"")
  val result = Await.result(future, timeout.duration).asInstanceOf[String]
  println(s""Received response: '$result'"")

  system.terminate()
}","system

Cutting Knowledge Date: December 2023
Today Date: 26 July 2024

user

Create an Akka Actor in Scala named ResponderActor that listens for Greet(name: String) messages. Upon receiving such a message, it should reply to the sender with ""Hello, <name>!"". Demonstrate sending a Greet message and receiving the response.assistant

## ResponderActor

This Akka Actor in Scala, ResponderActor, listens for Greet(name: String) messages, processes them, and responds with a personalized ""Hello, <name>!"" message to the original sender.

### Implementation

```scala
import akka.actor.{ActorSystem, Props}

// Message classes for simplicity
case class Greet(name: String)
case class Respond(response: String)

// ResponderActor implementation
class ResponderActor extends Actor {
  override def receive: PartialFunction[ActorMsg, ActorMsg] = {
    case Greet(name) => {
      println(f""Received greeting: ${name}"")
      respond(Greeting(name))
    }
    case Greeting(name) => {
      val response = s""Hello, $name!""
      println(s""Sending response: $response"")
      respond(response)
    }
    case _ => super.receive
  }

  override def preprocessMessage: PartialFunction[ActorMsg, ActorMsg] = {
    case Greet(name) => Greeting(name)
    case _ => super.preprocessMessage
  }

  def respond(response: String): ActorMsg = {
    ActorMsg(""ResponderActor"", response)
  }

  sealed trait ActorMsg
  object ActorMsg extends Predef",0.15299070793351674,0.0
"Design an Akka Supervisor Actor in Scala named EscalatingSupervisor that supervises a child actor named FaultyChildActor. The FaultyChildActor throws a NullPointerException when it receives a ""causeNull"" message. Implement the supervisor's strategy to escalate the failure to its own supervisor upon encountering an exception. Demonstrate the supervision hierarchy and failure escalation.","import akka.actor.{Actor, ActorRef, ActorSystem, OneForOneStrategy, Props, SupervisorStrategy}
import akka.actor.SupervisorStrategy._
import scala.concurrent.duration._

// Define the FaultyChildActor
class FaultyChildActor extends Actor {
  def receive: Receive = {
    case ""causeNull"" =>
      println(s""${self.path.name} received 'causeNull' and will throw NullPointerException."")
      throw new NullPointerException(""Simulated NullPointerException."")
    case msg =>
      println(s""${self.path.name} received message: $msg"")
  }
}

// Define the EscalatingSupervisor Actor
class EscalatingSupervisor extends Actor {
  override val supervisorStrategy: SupervisorStrategy = OneForOneStrategy() {
    case _: NullPointerException =>
      println(""EscalatingSupervisor: Escalating the failure."")
      Escalate
  }

  // Create the child actor
  val child: ActorRef = context.actorOf(Props[FaultyChildActor], ""faultyChildActor"")

  def receive: Receive = {
    case msg =>
      child.forward(msg)
  }
}

// Define the TopLevelSupervisor Actor to handle escalation
class TopLevelSupervisor extends Actor {
  override val supervisorStrategy: SupervisorStrategy = OneForOneStrategy() {
    case _: NullPointerException =>
      println(""TopLevelSupervisor: Stopping the failing child."")
      Stop
    case _: Exception =>
      println(""TopLevelSupervisor: Restarting the failing child."")
      Restart
  }

  // Create the EscalatingSupervisor as child
  val escalatingSupervisor: ActorRef = context.actorOf(Props[EscalatingSupervisor], ""escalatingSupervisor"")

  def receive: Receive = {
    case msg =>
      escalatingSupervisor.forward(msg)
  }
}

// Usage Example (for testing purposes)
object EscalationApp extends App {
  val system = ActorSystem(""EscalationSystem"")
  val topSupervisor = system.actorOf(Props[TopLevelSupervisor], ""topSupervisor"")

  // Send a message that causes the child to throw an exception
  topSupervisor ! ""causeNull""

  // Allow some time for supervision to take effect before shutdown
  Thread.sleep(1000)
  system.terminate()
}","system

Cutting Knowledge Date: December 2023
Today Date: 26 July 2024

user

Design an Akka Supervisor Actor in Scala named EscalatingSupervisor that supervises a child actor named FaultyChildActor. The FaultyChildActor throws a NullPointerException when it receives a ""causeNull"" message. Implement the supervisor's strategy to escalate the failure to its own supervisor upon encountering an exception. Demonstrate the supervision hierarchy and failure escalation.assistant

Here's an example implementation of the Akka Supervisor Actor in Scala that escalates the failure to its own supervisor:

### Supervisor Actor Implementation

```scala
import akka.actor.{Behavior, Props}
import akka.persistence.BoundaryPoint
import akka.actor.typed.{ActorRef, Behavior, PostStop}
import akka.persistence.PersistenceId
import akka.persistence.suite.{PersistenceSuite, ReplicationMode}
import akka.util.Timeout

// Define the FaultyChildActor behavior
object FaultyChildActor {
  def apply(): Behavior[AnyRef] = Props.newBuilder()
   .withCreationException(new NullPointerException)
   .build
}

// Define the EscalatingSupervisor Actor behavior
object EscalatingSupervisor {
  def apply(): Behavior[AnyRef] = Props.newBuilder()
   .withCreationException(new Exception(""Escalating Supervisor created""))
   .withSupervisor(Behavior.unsupervised[BoundaryPoint]) // Use its supervisor
   .build
}

// Define the Escalating Supervisor's strategy to escalate failures
case class EscalateSupervisor(msg: String) extends BoundaryPoint {
  def apply(context: ActorContext): Behavior[AnyRef] = {
    context.become(FaultyChildActor().behavior())
  }
}

class Esc",0.06792255284503369,0.0
